{
  "runtime_seconds": {
    "total": 0.014879584000000001,
    "train_split": 0.009450791000000014,
    "val_split": 0.00011641599999995256,
    "test_split": 5.8541999999994765e-05
  },
  "ontology_coverage_pct": {
    "train": 1.7857142857142856,
    "test": 0.0,
    "overall": 1.7857142857142856
  },
  "yield_rate_base_to_inferred": {
    "train": 1.6666666666666667,
    "val": null,
    "test": null,
    "overall": 1.6666666666666667
  }
}